"","on","off","pjap"
"barley",531,246,1
"breastfeeding",248,529,1
"buckwheat & millet",198,579,1
"eggs",477,300,0.745450909818036
"fish",581,196,1
"rye",514,263,0.826834633073385
"solid food",681,96,1
"soy product",107,670,1
