"","node","taxon_in_common","taxa_on_left","taxa_on_right","alpha_hat"
"1",77,"Bacteroides","4020502, 4439360, 3588390","577170",0.805784167841924
"2",78,"Bacteroides","4020502","4439360, 3588390",-2.33175587630246
"3",79,"Bacteroides","4439360","3588390",3.17138053293558
"4",85,"Bacteroides","4468234, 4467447, 4232045, 175485","4433947",-2.32354850295776
"5",99,"muciniphila","4306262","588471",-7.86617134171926
